company,statement_type,compare_basis,period,period_role,source_file,item_raw,item,item_en,item_code,level_1,level_2,level_3,parent_section,row_type,is_total,sign,value,source_period_col,Item,exchange_rate
Aumovio,IS,yoy,2026Q1,current,uploaded_images,其中:营业收入,营业收入,Revenue,IS_REV,Income Statement,Revenue,Operating Revenue,Revenue,detail,N,1,36112799999.99999,2026,Revenue,8.2
Aumovio,IS,yoy,2025Q1,comparison,uploaded_images,其中:营业收入,营业收入,Revenue,IS_REV,Income Statement,Revenue,Operating Revenue,Revenue,detail,N,1,39401000000,2025,Revenue,8.2
Aumovio,IS,yoy,2026Q1,current,uploaded_images,其中:营业成本,营业成本,Operating Costs,IS_COGS,Income Statement,Costs and Expenses,Operating Costs,Costs and Expenses,detail,N,1,-29216600000,2026,Operating Costs,8.2
Aumovio,IS,yoy,2025Q1,comparison,uploaded_images,其中:营业成本,营业成本,Operating Costs,IS_COGS,Income Statement,Costs and Expenses,Operating Costs,Costs and Expenses,detail,N,1,-32406400000,2025,Operating Costs,8.2
Aumovio,IS,yoy,2026Q1,current,uploaded_images,毛利,毛利,Gross Profit,IS_GROSS_PROFIT,Income Statement,Revenue,Gross Profit,Revenue,header,Y,1,6904400000,2026,Gross Profit,8.2
Aumovio,IS,yoy,2025Q1,comparison,uploaded_images,毛利,毛利,Gross Profit,IS_GROSS_PROFIT,Income Statement,Revenue,Gross Profit,Revenue,header,Y,1,6994599999.999999,2025,Gross Profit,8.2
Aumovio,IS,yoy,2026Q1,current,uploaded_images,研发费用,研发费用,Research and Development Expenses,IS_COST_RESE_DEVE_EXPE,Income Statement,Costs and Expenses,Research and Development Expenses,Costs and Expenses,detail,N,1,-6822400000,2026,Research and Development Expenses,8.2
Aumovio,IS,yoy,2025Q1,comparison,uploaded_images,研发费用,研发费用,Research and Development Expenses,IS_COST_RESE_DEVE_EXPE,Income Statement,Costs and Expenses,Research and Development Expenses,Costs and Expenses,detail,N,1,-7609600000,2025,Research and Development Expenses,8.2
Aumovio,IS,yoy,2026Q1,current,uploaded_images,销售费用,销售费用,Selling Expenses,IS_COST_SELL_EXPE,Income Statement,Costs and Expenses,Selling Expenses,Costs and Expenses,detail,N,1,-1262800000,2026,Selling Expenses,8.2
Aumovio,IS,yoy,2025Q1,comparison,uploaded_images,销售费用,销售费用,Selling Expenses,IS_COST_SELL_EXPE,Income Statement,Costs and Expenses,Selling Expenses,Costs and Expenses,detail,N,1,-1312000000,2025,Selling Expenses,8.2
Aumovio,IS,yoy,2026Q1,current,uploaded_images,管理费用,管理费用,Administrative Expenses,IS_COST_ADMI_EXPE,Income Statement,Costs and Expenses,Administrative Expenses,Costs and Expenses,detail,N,1,-877400000,2026,Administrative Expenses,8.2
Aumovio,IS,yoy,2025Q1,comparison,uploaded_images,管理费用,管理费用,Administrative Expenses,IS_COST_ADMI_EXPE,Income Statement,Costs and Expenses,Administrative Expenses,Costs and Expenses,detail,N,1,-926600000,2025,Administrative Expenses,8.2
Aumovio,IS,yoy,2026Q1,current,uploaded_images,加:其他收益,其他收益,Other Income,IS_COST_OTHE_INCO,Income Statement,Costs and Expenses,Other Income,Costs and Expenses,detail,N,1,2025400000,2026,Other Income,8.2
Aumovio,IS,yoy,2025Q1,comparison,uploaded_images,加:其他收益,其他收益,Other Income,IS_COST_OTHE_INCO,Income Statement,Costs and Expenses,Other Income,Costs and Expenses,detail,N,1,2312399999.9999995,2025,Other Income,8.2
Aumovio,IS,yoy,2026Q1,current,uploaded_images,其他開支,其他开支,Other Expenses,IS_OTHER_EXPENSES,Income Statement,Revenue,Other Expenses,Revenue,header,N,1,-598600000,2026,Other Expenses,8.2
Aumovio,IS,yoy,2025Q1,comparison,uploaded_images,其他開支,其他开支,Other Expenses,IS_OTHER_EXPENSES,Income Statement,Revenue,Other Expenses,Revenue,header,N,1,-680600000,2025,Other Expenses,8.2
Aumovio,IS,yoy,2026Q1,current,uploaded_images,其中:对联营企业和合营企业的 投资收益,对联营企业和合营企业的投资收益,Investment Income from Associates and Joint Ventures,IS_COST_INVE_INCO_INVE_INCO_ASSO_JOIN,Income Statement,Costs and Expenses,Investment Income from Associates and Joint Ventures,Costs and Expenses,detail,N,1,-16400000,2026,Investment Income from Associates and Joint Ventures,8.2
Aumovio,IS,yoy,2025Q1,comparison,uploaded_images,其中:对联营企业和合营企业的 投资收益,对联营企业和合营企业的投资收益,Investment Income from Associates and Joint Ventures,IS_COST_INVE_INCO_INVE_INCO_ASSO_JOIN,Income Statement,Costs and Expenses,Investment Income from Associates and Joint Ventures,Costs and Expenses,detail,N,1,8199999.999999999,2025,Investment Income from Associates and Joint Ventures,8.2
Aumovio,IS,yoy,2026Q1,current,uploaded_images,三、营业利润(亏损以“-”号填列),营业利润(亏损以“-”号填列),Operating Profit,IS_OP,Income Statement,Operating Profit,Section Header,Operating Profit,header,N,1,-647800000,2026,Operating Profit,8.2
Aumovio,IS,yoy,2025Q1,comparison,uploaded_images,三、营业利润(亏损以“-”号填列),营业利润(亏损以“-”号填列),Operating Profit,IS_OP,Income Statement,Operating Profit,Section Header,Operating Profit,header,N,1,-1205400000,2025,Operating Profit,8.2
Aumovio,IS,yoy,2026Q1,current,uploaded_images,利息收入,利息收入,Interest Income,IS_REV_INTE_INCO,Income Statement,Revenue,Interest Income,Revenue,detail,N,1,82000000,2026,Interest Income,8.2
Aumovio,IS,yoy,2025Q1,comparison,uploaded_images,利息收入,利息收入,Interest Income,IS_REV_INTE_INCO,Income Statement,Revenue,Interest Income,Revenue,detail,N,1,155799999.99999997,2025,Interest Income,8.2
Aumovio,IS,yoy,2026Q1,current,uploaded_images,利息支出,利息支出,Interest Expense,IS_COST_INTE_EXPE,Income Statement,Costs and Expenses,Interest Expense,Costs and Expenses,detail,N,1,-221400000,2026,Interest Expense,8.2
Aumovio,IS,yoy,2025Q1,comparison,uploaded_images,利息支出,利息支出,Interest Expense,IS_COST_INTE_EXPE,Income Statement,Costs and Expenses,Interest Expense,Costs and Expenses,detail,N,1,-311600000,2025,Interest Expense,8.2
Aumovio,IS,yoy,2026Q1,current,uploaded_images,汇兑收益(损失以“-”号填列),汇兑收益,Exchange Gains,IS_COST_EXCH_GAIN,Income Statement,Costs and Expenses,Exchange Gains,Costs and Expenses,detail,N,1,-475600000,2026,Exchange Gains,8.2
Aumovio,IS,yoy,2025Q1,comparison,uploaded_images,汇兑收益(损失以“-”号填列),汇兑收益,Exchange Gains,IS_COST_EXCH_GAIN,Income Statement,Costs and Expenses,Exchange Gains,Costs and Expenses,detail,N,1,254200000,2025,Exchange Gains,8.2
Aumovio,IS,yoy,2026Q1,current,uploaded_images,公允价值变动收益(损失以“-” 号填列),公允价值变动收益,Fair Value Change Gains,IS_COST_FAIR_VALU_CHAN_GAIN,Income Statement,Costs and Expenses,Fair Value Change Gains,Costs and Expenses,detail,N,1,98400000,2026,Fair Value Change Gains,8.2
Aumovio,IS,yoy,2025Q1,comparison,uploaded_images,公允价值变动收益(损失以“-” 号填列),公允价值变动收益,Fair Value Change Gains,IS_COST_FAIR_VALU_CHAN_GAIN,Income Statement,Costs and Expenses,Fair Value Change Gains,Costs and Expenses,detail,N,1,0,2025,Fair Value Change Gains,8.2
Aumovio,IS,yoy,2026Q1,current,uploaded_images,Financial result,Financial result,Financial result,IS_CUSTOM_FINANCIAL_RESULT,Income Statement,Financial Result,Financial result,Financial Result,total,Y,1,-516600000,2026,Financial result,8.2
Aumovio,IS,yoy,2025Q1,comparison,uploaded_images,Financial result,Financial result,Financial result,IS_CUSTOM_FINANCIAL_RESULT,Income Statement,Financial Result,Financial result,Financial Result,total,Y,1,106600000,2025,Financial result,8.2
Aumovio,IS,yoy,2026Q1,current,uploaded_images,利润总额(亏损总额以“-”号填列),利润总额(亏损总额以“-”号填列),Total Profit,IS_PBT,Income Statement,Total Profit,Section Header,Total Profit,detail,N,1,-1164400000,2026,Total Profit,8.2
Aumovio,IS,yoy,2025Q1,comparison,uploaded_images,利润总额(亏损总额以“-”号填列),利润总额(亏损总额以“-”号填列),Total Profit,IS_PBT,Income Statement,Total Profit,Section Header,Total Profit,detail,N,1,-1098800000,2025,Total Profit,8.2
Aumovio,IS,yoy,2026Q1,current,uploaded_images,减:所得税费用,所得税费用,Income Tax Expense,IS_TP_INCO_TAX_EXPE,Income Statement,Total Profit,Income Tax Expense,Total Profit,detail,N,1,-155800000,2026,Income Tax Expense,8.2
Aumovio,IS,yoy,2025Q1,comparison,uploaded_images,减:所得税费用,所得税费用,Income Tax Expense,IS_TP_INCO_TAX_EXPE,Income Statement,Total Profit,Income Tax Expense,Total Profit,detail,N,1,-606800000,2025,Income Tax Expense,8.2
Aumovio,IS,yoy,2026Q1,current,uploaded_images,五、净利润(净亏损以“-”号填列),净利润(净亏损以“-”号填列),Net Profit,IS_NP_PROF_CONT_OPER,Income Statement,Net Profit,Section Header,Net Profit,header,N,1,-1328400000,2026,Net Profit,8.2
Aumovio,IS,yoy,2025Q1,comparison,uploaded_images,五、净利润(净亏损以“-”号填列),净利润(净亏损以“-”号填列),Net Profit,IS_NP_PROF_CONT_OPER,Income Statement,Net Profit,Section Header,Net Profit,header,N,1,-1705600000,2025,Net Profit,8.2
Aumovio,IS,yoy,2026Q1,current,uploaded_images,2.少数股东损益(净亏损以“-”号填 列),少数股东损益(净亏损以“-”号填列),Profit or Loss Attributable to Non-controlling Interests,IS_NCI_PL,Income Statement,Net Profit,Profit or Loss Attributable to Non-controlling Interests,Net Profit,detail,N,1,41000000,2026,Profit or Loss Attributable to Non-controlling Interests,8.2
Aumovio,IS,yoy,2025Q1,comparison,uploaded_images,2.少数股东损益(净亏损以“-”号填 列),少数股东损益(净亏损以“-”号填列),Profit or Loss Attributable to Non-controlling Interests,IS_NCI_PL,Income Statement,Net Profit,Profit or Loss Attributable to Non-controlling Interests,Net Profit,detail,N,1,-73800000,2025,Profit or Loss Attributable to Non-controlling Interests,8.2
Aumovio,IS,yoy,2026Q1,current,uploaded_images,1.归属于母公司股东的净利润(净 亏损以“-”号填列),归属于母公司股东的净利润(净亏损以“-”号填列),Net Profit Attributable to Owners of the Parent,IS_NP_PARENT,Income Statement,Net Profit,Net Profit Attributable to Owners of the Parent,Net Profit,detail,N,1,-1287400000,2026,Net Profit Attributable to Owners of the Parent,8.2
Aumovio,IS,yoy,2025Q1,comparison,uploaded_images,1.归属于母公司股东的净利润(净 亏损以“-”号填列),归属于母公司股东的净利润(净亏损以“-”号填列),Net Profit Attributable to Owners of the Parent,IS_NP_PARENT,Income Statement,Net Profit,Net Profit Attributable to Owners of the Parent,Net Profit,detail,N,1,-1779400000,2025,Net Profit Attributable to Owners of the Parent,8.2
Aumovio,IS,yoy,2026Q1,current,uploaded_images,(一)基本每股收益(元/股),基本每股收益(元/股),Basic EPS,IS_EPS_BASIC,Income Statement,EPS,Basic EPS (RMB/share),EPS,detail,N,1,-12874000,2026,Basic EPS,8.2
Aumovio,IS,yoy,2025Q1,comparison,uploaded_images,(一)基本每股收益(元/股),基本每股收益(元/股),Basic EPS,IS_EPS_BASIC,Income Statement,EPS,Basic EPS (RMB/share),EPS,detail,N,1,-17794000,2025,Basic EPS,8.2
Aumovio,IS,yoy,2026Q1,current,uploaded_images,(二)稀释每股收益(元/股),稀释每股收益(元/股),Diluted EPS,IS_EPS_DILUTED,Income Statement,EPS,Diluted EPS (RMB/share),EPS,detail,N,1,-12874000,2026,Diluted EPS,8.2
Aumovio,IS,yoy,2025Q1,comparison,uploaded_images,(二)稀释每股收益(元/股),稀释每股收益(元/股),Diluted EPS,IS_EPS_DILUTED,Income Statement,EPS,Diluted EPS (RMB/share),EPS,detail,N,1,-17794000,2025,Diluted EPS,8.2
Aumovio,IS,yoy,2026Q1,current,uploaded_images,五、净利润(净亏损以“-”号填列),净利润(净亏损以“-”号填列),Net Profit,IS_NP_PROF_CONT_OPER,Income Statement,Net Profit,Section Header,Net Profit,header,N,1,-1328400000,2026,Net Profit,8.2
Aumovio,IS,yoy,2025Q1,comparison,uploaded_images,五、净利润(净亏损以“-”号填列),净利润(净亏损以“-”号填列),Net Profit,IS_NP_PROF_CONT_OPER,Income Statement,Net Profit,Section Header,Net Profit,header,N,1,-1705600000,2025,Net Profit,8.2
Aumovio,IS,yoy,2026Q1,current,uploaded_images,1.不能重分类进损益的其他综合收 益,不能重分类进损益的其他综合收益,OCI Not Reclassified to Profit or Loss,IS_OCI_OCI_NOT_RECL_PROF,Income Statement,OCI,OCI Not Reclassified to Profit or Loss,OCI,detail,N,1,,2026,OCI Not Reclassified to Profit or Loss,8.2
Aumovio,IS,yoy,2025Q1,comparison,uploaded_images,1.不能重分类进损益的其他综合收 益,不能重分类进损益的其他综合收益,OCI Not Reclassified to Profit or Loss,IS_OCI_OCI_NOT_RECL_PROF,Income Statement,OCI,OCI Not Reclassified to Profit or Loss,OCI,detail,N,1,,2025,OCI Not Reclassified to Profit or Loss,8.2
Aumovio,IS,yoy,2026Q1,current,uploaded_images,(1)重新计量设定受益计划变动额,重新计量设定受益计划变动额,Remeasurement of Defined Benefit Plans,IS_OCI_REME_DEFI_BENE_PLAN,Income Statement,OCI Details,Remeasurement of Defined Benefit Plans,OCI Details,detail,N,1,533000000,2026,Remeasurement of Defined Benefit Plans,8.2
Aumovio,IS,yoy,2025Q1,comparison,uploaded_images,(1)重新计量设定受益计划变动额,重新计量设定受益计划变动额,Remeasurement of Defined Benefit Plans,IS_OCI_REME_DEFI_BENE_PLAN,Income Statement,OCI Details,Remeasurement of Defined Benefit Plans,OCI Details,detail,N,1,1361199999.9999998,2025,Remeasurement of Defined Benefit Plans,8.2
Aumovio,OCI,yoy,2026Q1,current,uploaded_images,Fair value adjustments¹,Fair value adjustments,Fair value adjustments,IS_OCI_CUSTOM_FAIR_VALUE_ADJUSTMENTS,Comprehensive Income,OCI - Not Reclassified,Fair value adjustments,OCI - Not Reclassified,detail,N,1,533000000,2026,Fair value adjustments,8.2
Aumovio,OCI,yoy,2025Q1,comparison,uploaded_images,Fair value adjustments¹,Fair value adjustments,Fair value adjustments,IS_OCI_CUSTOM_FAIR_VALUE_ADJUSTMENTS,Comprehensive Income,OCI - Not Reclassified,Fair value adjustments,OCI - Not Reclassified,detail,N,1,1361199999.9999998,2025,Fair value adjustments,8.2
Aumovio,OCI,yoy,2026Q1,current,uploaded_images,Other investments,Other investments,Other investments,IS_OCI_CUSTOM_OTHER_INVESTMENTS,Comprehensive Income,OCI - Not Reclassified,Other investments,OCI - Not Reclassified,detail,N,1,24600000,2026,Other investments,8.2
Aumovio,OCI,yoy,2025Q1,comparison,uploaded_images,Other investments,Other investments,Other investments,IS_OCI_CUSTOM_OTHER_INVESTMENTS,Comprehensive Income,OCI - Not Reclassified,Other investments,OCI - Not Reclassified,detail,N,1,-8200000,2025,Other investments,8.2
Aumovio,OCI,yoy,2026Q1,current,uploaded_images,Fair value adjustments¹,Fair value adjustments,Fair value adjustments,IS_OCI_CUSTOM_FAIR_VALUE_ADJUSTMENTS,Comprehensive Income,OCI - Not Reclassified,Fair value adjustments,OCI - Not Reclassified,detail,N,1,24600000,2026,Fair value adjustments,8.2
Aumovio,OCI,yoy,2025Q1,comparison,uploaded_images,Fair value adjustments¹,Fair value adjustments,Fair value adjustments,IS_OCI_CUSTOM_FAIR_VALUE_ADJUSTMENTS,Comprehensive Income,OCI - Not Reclassified,Fair value adjustments,OCI - Not Reclassified,detail,N,1,0,2025,Fair value adjustments,8.2
Aumovio,IS,yoy,2026Q1,current,uploaded_images,(2)权益法下不能转损益的其他综合 收益,权益法下不能转损益的其他综合收益,OCI under Equity Method Not Reclassified to Profit or Loss,IS_OCI_OCI_UNDE_EQUI_METH,Income Statement,OCI Details,OCI under Equity Method Not Reclassified to Profit or Loss,OCI Details,detail,N,1,0,2026,OCI under Equity Method Not Reclassified to Profit or Loss,8.2
Aumovio,IS,yoy,2025Q1,comparison,uploaded_images,(2)权益法下不能转损益的其他综合 收益,权益法下不能转损益的其他综合收益,OCI under Equity Method Not Reclassified to Profit or Loss,IS_OCI_OCI_UNDE_EQUI_METH,Income Statement,OCI Details,OCI under Equity Method Not Reclassified to Profit or Loss,OCI Details,detail,N,1,-16400000,2025,OCI under Equity Method Not Reclassified to Profit or Loss,8.2
Aumovio,OCI,yoy,2026Q1,current,uploaded_images,Tax on other comprehensive income,Tax on other comprehensive income,Tax on other comprehensive income,IS_OCI_CUSTOM_TAX_ON_OTHER_COMPREHENSIVE_INCOME,Comprehensive Income,OCI - Not Reclassified,Tax on other comprehensive income,OCI - Not Reclassified,detail,N,1,-147600000,2026,Tax on other comprehensive income,8.2
Aumovio,OCI,yoy,2025Q1,comparison,uploaded_images,Tax on other comprehensive income,Tax on other comprehensive income,Tax on other comprehensive income,IS_OCI_CUSTOM_TAX_ON_OTHER_COMPREHENSIVE_INCOME,Comprehensive Income,OCI - Not Reclassified,Tax on other comprehensive income,OCI - Not Reclassified,detail,N,1,-385400000,2025,Tax on other comprehensive income,8.2
Aumovio,IS,yoy,2026Q1,current,uploaded_images,2.将重分类进损益的其他综合收益,将重分类进损益的其他综合收益,OCI Reclassified to Profit or Loss,IS_OCI_OCI_RECL_PROF_LOSS,Income Statement,OCI,OCI Reclassified to Profit or Loss,OCI,detail,N,1,,2026,OCI Reclassified to Profit or Loss,8.2
Aumovio,IS,yoy,2025Q1,comparison,uploaded_images,2.将重分类进损益的其他综合收益,将重分类进损益的其他综合收益,OCI Reclassified to Profit or Loss,IS_OCI_OCI_RECL_PROF_LOSS,Income Statement,OCI,OCI Reclassified to Profit or Loss,OCI,detail,N,1,,2025,OCI Reclassified to Profit or Loss,8.2
Aumovio,IS,yoy,2026Q1,current,uploaded_images,(6)外币财务报表折算差额,外币财务报表折算差额,Foreign Currency Translation Differences,IS_OCI_FORE_CURR_TRAN_DIFF,Income Statement,OCI Details,Foreign Currency Translation Differences,OCI Details,detail,N,1,918400000,2026,Foreign Currency Translation Differences,8.2
Aumovio,IS,yoy,2025Q1,comparison,uploaded_images,(6)外币财务报表折算差额,外币财务报表折算差额,Foreign Currency Translation Differences,IS_OCI_FORE_CURR_TRAN_DIFF,Income Statement,OCI Details,Foreign Currency Translation Differences,OCI Details,detail,N,1,-1262800000,2025,Foreign Currency Translation Differences,8.2
Aumovio,IS,yoy,2026Q1,current,uploaded_images,(6)外币财务报表折算差额,外币财务报表折算差额,Foreign Currency Translation Differences,IS_OCI_FORE_CURR_TRAN_DIFF,Income Statement,OCI Details,Foreign Currency Translation Differences,OCI Details,detail,N,1,918400000,2026,Foreign Currency Translation Differences,8.2
Aumovio,IS,yoy,2025Q1,comparison,uploaded_images,(6)外币财务报表折算差额,外币财务报表折算差额,Foreign Currency Translation Differences,IS_OCI_FORE_CURR_TRAN_DIFF,Income Statement,OCI Details,Foreign Currency Translation Differences,OCI Details,detail,N,1,-1262800000,2025,Foreign Currency Translation Differences,8.2
Aumovio,OCI,yoy,2026Q1,current,uploaded_images,Tax on other comprehensive income,Tax on other comprehensive income,Tax on other comprehensive income,IS_OCI_CUSTOM_TAX_ON_OTHER_COMPREHENSIVE_INCOME,Comprehensive Income,OCI - Reclassified,Tax on other comprehensive income,OCI - Reclassified,detail,N,1,0,2026,Tax on other comprehensive income,8.2
Aumovio,OCI,yoy,2025Q1,comparison,uploaded_images,Tax on other comprehensive income,Tax on other comprehensive income,Tax on other comprehensive income,IS_OCI_CUSTOM_TAX_ON_OTHER_COMPREHENSIVE_INCOME,Comprehensive Income,OCI - Reclassified,Tax on other comprehensive income,OCI - Reclassified,detail,N,1,0,2025,Tax on other comprehensive income,8.2
Aumovio,OCI,yoy,2026Q1,current,uploaded_images,Other comprehensive income,Other comprehensive income,Other comprehensive income,IS_OCI_CUSTOM_OTHER_COMPREHENSIVE_INCOME,Comprehensive Income,Other Comprehensive Income,Other comprehensive income,Other Comprehensive Income,total,Y,1,1320199999.9999998,2026,Other comprehensive income,8.2
Aumovio,OCI,yoy,2025Q1,comparison,uploaded_images,Other comprehensive income,Other comprehensive income,Other comprehensive income,IS_OCI_CUSTOM_OTHER_COMPREHENSIVE_INCOME,Comprehensive Income,Other Comprehensive Income,Other comprehensive income,Other Comprehensive Income,total,Y,1,-295200000,2025,Other comprehensive income,8.2
Aumovio,IS,yoy,2026Q1,current,uploaded_images,七、综合收益总额,综合收益总额,Total Comprehensive Income,IS_CI_HDR,Income Statement,Comprehensive Income,Section Header,Comprehensive Income,header,N,1,0,2026,Total Comprehensive Income,8.2
Aumovio,IS,yoy,2025Q1,comparison,uploaded_images,七、综合收益总额,综合收益总额,Total Comprehensive Income,IS_CI_HDR,Income Statement,Comprehensive Income,Section Header,Comprehensive Income,header,N,1,-2000800000,2025,Total Comprehensive Income,8.2
Aumovio,IS,yoy,2026Q1,current,uploaded_images,(二)归属于少数股东的综合收益总 额,归属于少数股东的综合收益总额,Total Comprehensive Income Attributable to Non-controlling Interests,IS_CI_COMP_INCO_ATTR_NON,Income Statement,Comprehensive Income,Total Comprehensive Income Attributable to Non-controlling Interests,Comprehensive Income,detail,N,1,16399999.999999998,2026,Total Comprehensive Income Attributable to Non-controlling Interests,8.2
Aumovio,IS,yoy,2025Q1,comparison,uploaded_images,(二)归属于少数股东的综合收益总 额,归属于少数股东的综合收益总额,Total Comprehensive Income Attributable to Non-controlling Interests,IS_CI_COMP_INCO_ATTR_NON,Income Statement,Comprehensive Income,Total Comprehensive Income Attributable to Non-controlling Interests,Comprehensive Income,detail,N,1,-57400000,2025,Total Comprehensive Income Attributable to Non-controlling Interests,8.2
Aumovio,IS,yoy,2026Q1,current,uploaded_images,(一)归属于母公司所有者的综合收 益总额,归属于母公司所有者的综合收益总额,Total Comprehensive Income Attributable to Owners of the Parent,IS_CI_COMP_INCO_ATTR_OWNE,Income Statement,Comprehensive Income,Total Comprehensive Income Attributable to Owners of the Parent,Comprehensive Income,detail,N,1,16399999.999999998,2026,Total Comprehensive Income Attributable to Owners of the Parent,8.2
Aumovio,IS,yoy,2025Q1,comparison,uploaded_images,(一)归属于母公司所有者的综合收 益总额,归属于母公司所有者的综合收益总额,Total Comprehensive Income Attributable to Owners of the Parent,IS_CI_COMP_INCO_ATTR_OWNE,Income Statement,Comprehensive Income,Total Comprehensive Income Attributable to Owners of the Parent,Comprehensive Income,detail,N,1,-2066400000,2025,Total Comprehensive Income Attributable to Owners of the Parent,8.2
Aumovio,BS,qoq,2026Q1,current,uploaded_images,商誉,商誉,Goodwill,BS_NCA_GOOD,Assets,Non-current Assets,Goodwill,Non-current Assets,detail,N,1,17146199999.999996,31.03.2026,Goodwill,8.2
Aumovio,BS,qoq,2025FY,comparison,uploaded_images,商誉,商誉,Goodwill,BS_NCA_GOOD,Assets,Non-current Assets,Goodwill,Non-current Assets,detail,N,1,17129800000,31.12.2025,Goodwill,8.2
Aumovio,BS,qoq,2026Q1,current,uploaded_images,无形资产,无形资产,Intangible Assets,BS_NCA_INTA_ASSE,Assets,Non-current Assets,Intangible Assets,Non-current Assets,detail,N,1,2476399999.9999995,31.03.2026,Intangible Assets,8.2
Aumovio,BS,qoq,2025FY,comparison,uploaded_images,无形资产,无形资产,Intangible Assets,BS_NCA_INTA_ASSE,Assets,Non-current Assets,Intangible Assets,Non-current Assets,detail,N,1,2648600000,31.12.2025,Intangible Assets,8.2
Aumovio,BS,qoq,2026Q1,current,uploaded_images,固定资产,固定资产,"Property, Plant and Equipment",BS_NCA_PPE,Assets,Non-current Assets,"Property, Plant and Equipment",Non-current Assets,detail,N,1,38261200000,31.03.2026,"Property, Plant and Equipment",8.2
Aumovio,BS,qoq,2025FY,comparison,uploaded_images,固定资产,固定资产,"Property, Plant and Equipment",BS_NCA_PPE,Assets,Non-current Assets,"Property, Plant and Equipment",Non-current Assets,detail,N,1,39261600000,31.12.2025,"Property, Plant and Equipment",8.2
Aumovio,BS,qoq,2026Q1,current,uploaded_images,投资性房地产,投资性房地产,Investment Property,BS_NCA_INVE_PROP,Assets,Non-current Assets,Investment Property,Non-current Assets,detail,N,1,16399999.999999998,31.03.2026,Investment Property,8.2
Aumovio,BS,qoq,2025FY,comparison,uploaded_images,投资性房地产,投资性房地产,Investment Property,BS_NCA_INVE_PROP,Assets,Non-current Assets,Investment Property,Non-current Assets,detail,N,1,16399999.999999998,31.12.2025,Investment Property,8.2
Aumovio,BS,qoq,2026Q1,current,uploaded_images,长期股权投资,长期股权投资,Long-term Equity Investments,BS_NCA_LONG_TERM_EQUI_INVE,Assets,Non-current Assets,Long-term Equity Investments,Non-current Assets,detail,N,1,1533399999.9999998,31.03.2026,Long-term Equity Investments,8.2
Aumovio,BS,qoq,2025FY,comparison,uploaded_images,长期股权投资,长期股权投资,Long-term Equity Investments,BS_NCA_LONG_TERM_EQUI_INVE,Assets,Non-current Assets,Long-term Equity Investments,Non-current Assets,detail,N,1,1615399999.9999998,31.12.2025,Long-term Equity Investments,8.2
Aumovio,BS,qoq,2026Q1,current,uploaded_images,其他非流动金融资产,其他非流动金融资产,Other Non-current Financial Assets,BS_NCA_OTHE_NON_CURR_FINA,Assets,Non-current Assets,Other Non-current Financial Assets,Non-current Assets,detail,N,1,762599999.9999999,31.03.2026,Other Non-current Financial Assets,8.2
Aumovio,BS,qoq,2025FY,comparison,uploaded_images,其他非流动金融资产,其他非流动金融资产,Other Non-current Financial Assets,BS_NCA_OTHE_NON_CURR_FINA,Assets,Non-current Assets,Other Non-current Financial Assets,Non-current Assets,detail,N,1,656000000,31.12.2025,Other Non-current Financial Assets,8.2
Aumovio,BS,qoq,2026Q1,current,uploaded_images,递延所得税资产,递延所得税资产,Deferred Tax Assets,BS_NCA_DEFE_TAX_ASSE,Assets,Non-current Assets,Deferred Tax Assets,Non-current Assets,detail,N,1,10963400000,31.03.2026,Deferred Tax Assets,8.2
Aumovio,BS,qoq,2025FY,comparison,uploaded_images,递延所得税资产,递延所得税资产,Deferred Tax Assets,BS_NCA_DEFE_TAX_ASSE,Assets,Non-current Assets,Deferred Tax Assets,Non-current Assets,detail,N,1,10815800000,31.12.2025,Deferred Tax Assets,8.2
Aumovio,BS,qoq,2026Q1,current,uploaded_images,Defined benefit assets,Defined benefit assets,Defined benefit assets,BS_CUSTOM_DEFINED_BENEFIT_ASSETS,Assets,Assets,Defined benefit assets,Assets,detail,N,1,541199999.9999999,31.03.2026,Defined benefit assets,8.2
Aumovio,BS,qoq,2025FY,comparison,uploaded_images,Defined benefit assets,Defined benefit assets,Defined benefit assets,BS_CUSTOM_DEFINED_BENEFIT_ASSETS,Assets,Assets,Defined benefit assets,Assets,detail,N,1,524800000,31.12.2025,Defined benefit assets,8.2
Aumovio,BS,qoq,2026Q1,current,uploaded_images,Long-term derivative instruments and interest-bearing investments,Long-term derivative instruments and interest-bearing investments,Long-term derivative instruments and interest-bearing investments,BS_CUSTOM_LONG_TERM_DERIVATIVE_INSTRUMENTS_AND_INTEREST_BEARING_I,Assets,Assets,Long-term derivative instruments and interest-bearing investments,Assets,detail,N,1,0,31.03.2026,Long-term derivative instruments and interest-bearing investments,8.2
Aumovio,BS,qoq,2025FY,comparison,uploaded_images,Long-term derivative instruments and interest-bearing investments,Long-term derivative instruments and interest-bearing investments,Long-term derivative instruments and interest-bearing investments,BS_CUSTOM_LONG_TERM_DERIVATIVE_INSTRUMENTS_AND_INTEREST_BEARING_I,Assets,Assets,Long-term derivative instruments and interest-bearing investments,Assets,detail,N,1,0,31.12.2025,Long-term derivative instruments and interest-bearing investments,8.2
Aumovio,BS,qoq,2026Q1,current,uploaded_images,其他非流动金融资产,其他非流动金融资产,Other Non-current Financial Assets,BS_NCA_OTHE_NON_CURR_FINA,Assets,Non-current Assets,Other Non-current Financial Assets,Non-current Assets,detail,N,1,1623600000,31.03.2026,Other Non-current Financial Assets,8.2
Aumovio,BS,qoq,2025FY,comparison,uploaded_images,其他非流动金融资产,其他非流动金融资产,Other Non-current Financial Assets,BS_NCA_OTHE_NON_CURR_FINA,Assets,Non-current Assets,Other Non-current Financial Assets,Non-current Assets,detail,N,1,1672800000,31.12.2025,Other Non-current Financial Assets,8.2
Aumovio,BS,qoq,2026Q1,current,uploaded_images,其他非流动资产,其他非流动资产,Other Non-current Assets,BS_NCA_OTHE_NON_CURR_ASSE,Assets,Non-current Assets,Other Non-current Assets,Non-current Assets,detail,N,1,213200000,31.03.2026,Other Non-current Assets,8.2
Aumovio,BS,qoq,2025FY,comparison,uploaded_images,其他非流动资产,其他非流动资产,Other Non-current Assets,BS_NCA_OTHE_NON_CURR_ASSE,Assets,Non-current Assets,Other Non-current Assets,Non-current Assets,detail,N,1,196800000,31.12.2025,Other Non-current Assets,8.2
Aumovio,BS,qoq,2026Q1,current,uploaded_images,非流動資產總值,非流动资产总值,Total Non-current Assets,BS_NCA_TOTAL_NON_CURR_ASSE,Assets,Current Assets,Contract Assets,Current Assets,detail,N,1,73529400000,31.03.2026,Total Non-current Assets,8.2
Aumovio,BS,qoq,2025FY,comparison,uploaded_images,非流動資產總值,非流动资产总值,Total Non-current Assets,BS_NCA_TOTAL_NON_CURR_ASSE,Assets,Current Assets,Contract Assets,Current Assets,detail,N,1,74538000000,31.12.2025,Total Non-current Assets,8.2
Aumovio,BS,qoq,2026Q1,current,uploaded_images,存货,存货,Inventories,BS_CA_INV,Assets,Current Assets,Inventories,Current Assets,detail,N,1,19040400000,31.03.2026,Inventories,8.2
Aumovio,BS,qoq,2025FY,comparison,uploaded_images,存货,存货,Inventories,BS_CA_INV,Assets,Current Assets,Inventories,Current Assets,detail,N,1,18933800000,31.12.2025,Inventories,8.2
Aumovio,BS,qoq,2026Q1,current,uploaded_images,应收账款,应收账款,Accounts Receivable,BS_CA_AR,Assets,Current Assets,Accounts Receivable,Current Assets,detail,N,1,27183000000,31.03.2026,Accounts Receivable,8.2
Aumovio,BS,qoq,2025FY,comparison,uploaded_images,应收账款,应收账款,Accounts Receivable,BS_CA_AR,Assets,Current Assets,Accounts Receivable,Current Assets,detail,N,1,25854600000,31.12.2025,Accounts Receivable,8.2
Aumovio,BS,qoq,2026Q1,current,uploaded_images,合同资产,合同资产,Contract Assets,BS_CA_CONT_ASSE,Assets,Current Assets,Contract Assets,Current Assets,detail,N,1,803599999.9999999,31.03.2026,Contract Assets,8.2
Aumovio,BS,qoq,2025FY,comparison,uploaded_images,合同资产,合同资产,Contract Assets,BS_CA_CONT_ASSE,Assets,Current Assets,Contract Assets,Current Assets,detail,N,1,737999999.9999999,31.12.2025,Contract Assets,8.2
Aumovio,BS,qoq,2026Q1,current,uploaded_images,Short-term other financial assets,Short-term other financial assets,Short-term other financial assets,BS_CUSTOM_SHORT_TERM_OTHER_FINANCIAL_ASSETS,Assets,Assets,Short-term other financial assets,Assets,detail,N,1,401800000,31.03.2026,Short-term other financial assets,8.2
Aumovio,BS,qoq,2025FY,comparison,uploaded_images,Short-term other financial assets,Short-term other financial assets,Short-term other financial assets,BS_CUSTOM_SHORT_TERM_OTHER_FINANCIAL_ASSETS,Assets,Assets,Short-term other financial assets,Assets,detail,N,1,787199999.9999999,31.12.2025,Short-term other financial assets,8.2
Aumovio,BS,qoq,2026Q1,current,uploaded_images,其他流动资产,其他流动资产,Other Current Assets,BS_CA_OTHE_CURR_ASSE,Assets,Current Assets,Other Current Assets,Current Assets,detail,N,1,4715000000,31.03.2026,Other Current Assets,8.2
Aumovio,BS,qoq,2025FY,comparison,uploaded_images,其他流动资产,其他流动资产,Other Current Assets,BS_CA_OTHE_CURR_ASSE,Assets,Current Assets,Other Current Assets,Current Assets,detail,N,1,4551000000,31.12.2025,Other Current Assets,8.2
Aumovio,BS,qoq,2026Q1,current,uploaded_images,其他应收款,其他应收款,Other Receivables,BS_CA_OTHE_RECE,Assets,Current Assets,Other Receivables,Current Assets,detail,N,1,1344800000,31.03.2026,Other Receivables,8.2
Aumovio,BS,qoq,2025FY,comparison,uploaded_images,其他应收款,其他应收款,Other Receivables,BS_CA_OTHE_RECE,Assets,Current Assets,Other Receivables,Current Assets,detail,N,1,1082399999.9999998,31.12.2025,Other Receivables,8.2
Aumovio,BS,qoq,2026Q1,current,uploaded_images,Short-term derivative instruments and interest-bearing investments,Short-term derivative instruments and interest-bearing investments,Short-term derivative instruments and interest-bearing investments,BS_CUSTOM_SHORT_TERM_DERIVATIVE_INSTRUMENTS_AND_INTEREST_BEARING_,Assets,Assets,Short-term derivative instruments and interest-bearing investments,Assets,detail,N,1,90200000,31.03.2026,Short-term derivative instruments and interest-bearing investments,8.2
Aumovio,BS,qoq,2025FY,comparison,uploaded_images,Short-term derivative instruments and interest-bearing investments,Short-term derivative instruments and interest-bearing investments,Short-term derivative instruments and interest-bearing investments,BS_CUSTOM_SHORT_TERM_DERIVATIVE_INSTRUMENTS_AND_INTEREST_BEARING_,Assets,Assets,Short-term derivative instruments and interest-bearing investments,Assets,detail,N,1,90200000,31.12.2025,Short-term derivative instruments and interest-bearing investments,8.2
Aumovio,BS,qoq,2026Q1,current,uploaded_images,货币资金,货币资金,Cash and Cash Equivalents,BS_CA_CASH,Assets,Current Assets,Cash and Cash Equivalents,Current Assets,detail,N,1,14235199999.999998,31.03.2026,Cash and Cash Equivalents,8.2
Aumovio,BS,qoq,2025FY,comparison,uploaded_images,货币资金,货币资金,Cash and Cash Equivalents,BS_CA_CASH,Assets,Current Assets,Cash and Cash Equivalents,Current Assets,detail,N,1,14095800000,31.12.2025,Cash and Cash Equivalents,8.2
Aumovio,BS,qoq,2026Q1,current,uploaded_images,持有待售资产,持有待售资产,Assets Held for Sale,BS_CA_ASSE_HELD_SALE,Assets,Current Assets,Assets Held for Sale,Current Assets,detail,N,1,172200000,31.03.2026,Assets Held for Sale,8.2
Aumovio,BS,qoq,2025FY,comparison,uploaded_images,持有待售资产,持有待售资产,Assets Held for Sale,BS_CA_ASSE_HELD_SALE,Assets,Current Assets,Assets Held for Sale,Current Assets,detail,N,1,0,31.12.2025,Assets Held for Sale,8.2
Aumovio,BS,qoq,2026Q1,current,uploaded_images,流動資產總值,流动资产总值,Total Current Assets,BS_CA_TOTAL_CURR_ASSE,Assets,Current Assets,Data Resources,Current Assets,detail,N,1,67986200000,31.03.2026,Total Current Assets,8.2
Aumovio,BS,qoq,2025FY,comparison,uploaded_images,流動資產總值,流动资产总值,Total Current Assets,BS_CA_TOTAL_CURR_ASSE,Assets,Current Assets,Data Resources,Current Assets,detail,N,1,66133000000,31.12.2025,Total Current Assets,8.2
Aumovio,BS,qoq,2026Q1,current,uploaded_images,資產總值,资产总值,Total Assets,BS_TOTAL_ASSETS,Assets,Current Assets,Assets Held for Sale,Current Assets,total,Y,1,141515599999.99997,31.03.2026,Total Assets,8.2
Aumovio,BS,qoq,2025FY,comparison,uploaded_images,資產總值,资产总值,Total Assets,BS_TOTAL_ASSETS,Assets,Current Assets,Assets Held for Sale,Current Assets,total,Y,1,1.40671E+11,31.12.2025,Total Assets,8.2
Aumovio,BS,qoq,2026Q1,current,uploaded_images,实收资本(或股本),实收资本(或股本),Share Capital,BS_EQ_SHAR_CAPI,Equity,Equity,Share Capital,Equity,detail,N,1,2050000000,31.03.2026,Share Capital,8.2
Aumovio,BS,qoq,2025FY,comparison,uploaded_images,实收资本(或股本),实收资本(或股本),Share Capital,BS_EQ_SHAR_CAPI,Equity,Equity,Share Capital,Equity,detail,N,1,2050000000,31.12.2025,Share Capital,8.2
Aumovio,BS,qoq,2026Q1,current,uploaded_images,资本公积,资本公积,Capital Reserve,BS_EQ_CAPI_RESE,Equity,Equity,Capital Reserve,Equity,detail,N,1,79359599999.99998,31.03.2026,Capital Reserve,8.2
Aumovio,BS,qoq,2025FY,comparison,uploaded_images,资本公积,资本公积,Capital Reserve,BS_EQ_CAPI_RESE,Equity,Equity,Capital Reserve,Equity,detail,N,1,79351400000,31.12.2025,Capital Reserve,8.2
Aumovio,BS,qoq,2026Q1,current,uploaded_images,未分配利润,未分配利润,Retained Earnings,BS_EQ_RETA_EARN,Equity,Equity,Retained Earnings,Equity,detail,N,1,-1623600000,31.03.2026,Retained Earnings,8.2
Aumovio,BS,qoq,2025FY,comparison,uploaded_images,未分配利润,未分配利润,Retained Earnings,BS_EQ_RETA_EARN,Equity,Equity,Retained Earnings,Equity,detail,N,1,737999999.9999999,31.12.2025,Retained Earnings,8.2
Aumovio,BS,qoq,2026Q1,current,uploaded_images,其他综合收益,其他综合收益,Other Comprehensive Income,BS_EQ_OTHE_COMP_INCO,Equity,Equity,Other Comprehensive Income,Equity,detail,N,1,-5321800000,31.03.2026,Other Comprehensive Income,8.2
Aumovio,BS,qoq,2025FY,comparison,uploaded_images,其他综合收益,其他综合收益,Other Comprehensive Income,BS_EQ_OTHE_COMP_INCO,Equity,Equity,Other Comprehensive Income,Equity,detail,N,1,-7691600000,31.12.2025,Other Comprehensive Income,8.2
Aumovio,BS,qoq,2026Q1,current,uploaded_images,归属于母公司所有者权益(或 股东权益)合计,归属于母公司所有者权益(或股东权益)合计,Total Equity Attributable to Owners of the Parent,BS_EQ_TOTAL_EQUI_ATTR_OWNE_PARE,Equity,Equity,Subtotal,Equity,total,Y,1,74464200000,31.03.2026,Total Equity Attributable to Owners of the Parent,8.2
Aumovio,BS,qoq,2025FY,comparison,uploaded_images,归属于母公司所有者权益(或 股东权益)合计,归属于母公司所有者权益(或股东权益)合计,Total Equity Attributable to Owners of the Parent,BS_EQ_TOTAL_EQUI_ATTR_OWNE_PARE,Equity,Equity,Subtotal,Equity,total,Y,1,74447799999.99998,31.12.2025,Total Equity Attributable to Owners of the Parent,8.2
Aumovio,BS,qoq,2026Q1,current,uploaded_images,少数股东权益,少数股东权益,Non-controlling Interests,BS_NCI_NON_CONT_INTE,Equity,Non-controlling Interests,Non-controlling Interests,Non-controlling Interests,detail,N,1,1344800000,31.03.2026,Non-controlling Interests,8.2
Aumovio,BS,qoq,2025FY,comparison,uploaded_images,少数股东权益,少数股东权益,Non-controlling Interests,BS_NCI_NON_CONT_INTE,Equity,Non-controlling Interests,Non-controlling Interests,Non-controlling Interests,detail,N,1,1352999999.9999998,31.12.2025,Non-controlling Interests,8.2
Aumovio,BS,qoq,2026Q1,current,uploaded_images,所有者权益(或股东权益) 合计,所有者权益(或股东权益)合计,Total Equity,BS_TOTAL_EQUITY,Equity,Equity,Total,Equity,total,Y,1,75809000000,31.03.2026,Total Equity,8.2
Aumovio,BS,qoq,2025FY,comparison,uploaded_images,所有者权益(或股东权益) 合计,所有者权益(或股东权益)合计,Total Equity,BS_TOTAL_EQUITY,Equity,Equity,Total,Equity,total,Y,1,75800799999.99998,31.12.2025,Total Equity,8.2
Aumovio,BS,qoq,2026Q1,current,uploaded_images,长期应付职工薪酬,长期应付职工薪酬,Long-term Employee Benefits Payable,BS_NCL_LONG_TERM_EMPL_BENE,Liabilities,Non-current Liabilities,Long-term Employee Benefits Payable,Non-current Liabilities,detail,N,1,9979400000,31.03.2026,Long-term Employee Benefits Payable,8.2
Aumovio,BS,qoq,2025FY,comparison,uploaded_images,长期应付职工薪酬,长期应付职工薪酬,Long-term Employee Benefits Payable,BS_NCL_LONG_TERM_EMPL_BENE,Liabilities,Non-current Liabilities,Long-term Employee Benefits Payable,Non-current Liabilities,detail,N,1,10504199999.999998,31.12.2025,Long-term Employee Benefits Payable,8.2
Aumovio,BS,qoq,2026Q1,current,uploaded_images,递延所得税负债,递延所得税负债,Deferred Tax Liabilities,BS_NCL_DEFE_TAX_LIAB,Liabilities,Non-current Liabilities,Deferred Tax Liabilities,Non-current Liabilities,detail,N,1,188600000,31.03.2026,Deferred Tax Liabilities,8.2
Aumovio,BS,qoq,2025FY,comparison,uploaded_images,递延所得税负债,递延所得税负债,Deferred Tax Liabilities,BS_NCL_DEFE_TAX_LIAB,Liabilities,Non-current Liabilities,Deferred Tax Liabilities,Non-current Liabilities,detail,N,1,541199999.9999999,31.12.2025,Deferred Tax Liabilities,8.2
Aumovio,BS,qoq,2026Q1,current,uploaded_images,预计负债,预计负债,Provisions,BS_NCL_PROV,Liabilities,Non-current Liabilities,Provisions,Non-current Liabilities,detail,N,1,2664999999.9999995,31.03.2026,Provisions,8.2
Aumovio,BS,qoq,2025FY,comparison,uploaded_images,预计负债,预计负债,Provisions,BS_NCL_PROV,Liabilities,Non-current Liabilities,Provisions,Non-current Liabilities,detail,N,1,2517399999.9999995,31.12.2025,Provisions,8.2
Aumovio,BS,qoq,2026Q1,current,uploaded_images,长期借款,长期借款,Long-term Borrowings,BS_NCL_LONG_TERM_BORR,Liabilities,Non-current Liabilities,Long-term Borrowings,Non-current Liabilities,detail,N,1,1861400000,31.03.2026,Long-term Borrowings,8.2
Aumovio,BS,qoq,2025FY,comparison,uploaded_images,长期借款,长期借款,Long-term Borrowings,BS_NCL_LONG_TERM_BORR,Liabilities,Non-current Liabilities,Long-term Borrowings,Non-current Liabilities,detail,N,1,1976200000,31.12.2025,Long-term Borrowings,8.2
Aumovio,BS,qoq,2026Q1,current,uploaded_images,Long-term other financial liabilities,Long-term other financial liabilities,Long-term other financial liabilities,BS_CUSTOM_LONG_TERM_OTHER_FINANCIAL_LIABILITIES,Liabilities,Liabilities,Long-term other financial liabilities,Liabilities,detail,N,1,16399999.999999998,31.03.2026,Long-term other financial liabilities,8.2
Aumovio,BS,qoq,2025FY,comparison,uploaded_images,Long-term other financial liabilities,Long-term other financial liabilities,Long-term other financial liabilities,BS_CUSTOM_LONG_TERM_OTHER_FINANCIAL_LIABILITIES,Liabilities,Liabilities,Long-term other financial liabilities,Liabilities,detail,N,1,16399999.999999998,31.12.2025,Long-term other financial liabilities,8.2
Aumovio,BS,qoq,2026Q1,current,uploaded_images,Long-term contract liabilities,Long-term contract liabilities,Long-term contract liabilities,BS_CUSTOM_LONG_TERM_CONTRACT_LIABILITIES,Liabilities,Liabilities,Long-term contract liabilities,Liabilities,detail,N,1,475600000,31.03.2026,Long-term contract liabilities,8.2
Aumovio,BS,qoq,2025FY,comparison,uploaded_images,Long-term contract liabilities,Long-term contract liabilities,Long-term contract liabilities,BS_CUSTOM_LONG_TERM_CONTRACT_LIABILITIES,Liabilities,Liabilities,Long-term contract liabilities,Liabilities,detail,N,1,418200000,31.12.2025,Long-term contract liabilities,8.2
Aumovio,BS,qoq,2026Q1,current,uploaded_images,其他非流动负债,其他非流动负债,Other Non-current Liabilities,BS_NCL_OTHE_NON_CURR_LIAB,Liabilities,Non-current Liabilities,Other Non-current Liabilities,Non-current Liabilities,detail,N,1,49199999.99999999,31.03.2026,Other Non-current Liabilities,8.2
Aumovio,BS,qoq,2025FY,comparison,uploaded_images,其他非流动负债,其他非流动负债,Other Non-current Liabilities,BS_NCL_OTHE_NON_CURR_LIAB,Liabilities,Non-current Liabilities,Other Non-current Liabilities,Non-current Liabilities,detail,N,1,90200000,31.12.2025,Other Non-current Liabilities,8.2
Aumovio,BS,qoq,2026Q1,current,uploaded_images,非流動負債總額,非流动负债总额,Total Non-current Liabilities,BS_NCL_TOTAL_NON_CURR_LIAB,Liabilities,Current Assets,Section Header,Current Assets,detail,N,1,15227399999.999998,31.03.2026,Total Non-current Liabilities,8.2
Aumovio,BS,qoq,2025FY,comparison,uploaded_images,非流動負債總額,非流动负债总额,Total Non-current Liabilities,BS_NCL_TOTAL_NON_CURR_LIAB,Liabilities,Current Assets,Section Header,Current Assets,detail,N,1,16063800000,31.12.2025,Total Non-current Liabilities,8.2
Aumovio,BS,qoq,2026Q1,current,uploaded_images,应付职工薪酬,应付职工薪酬,Employee Benefits Payable,BS_CL_EMPL_BENE_PAYA,Liabilities,Current Liabilities,Employee Benefits Payable,Current Liabilities,detail,N,1,6920799999.999999,31.03.2026,Employee Benefits Payable,8.2
Aumovio,BS,qoq,2025FY,comparison,uploaded_images,应付职工薪酬,应付职工薪酬,Employee Benefits Payable,BS_CL_EMPL_BENE_PAYA,Liabilities,Current Liabilities,Employee Benefits Payable,Current Liabilities,detail,N,1,5764599999.999999,31.12.2025,Employee Benefits Payable,8.2
Aumovio,BS,qoq,2026Q1,current,uploaded_images,应付账款,应付账款,Accounts Payable,BS_CL_ACCO_PAYA,Liabilities,Current Liabilities,Accounts Payable,Current Liabilities,detail,N,1,27994800000,31.03.2026,Accounts Payable,8.2
Aumovio,BS,qoq,2025FY,comparison,uploaded_images,应付账款,应付账款,Accounts Payable,BS_CL_ACCO_PAYA,Liabilities,Current Liabilities,Accounts Payable,Current Liabilities,detail,N,1,27265000000,31.12.2025,Accounts Payable,8.2
Aumovio,BS,qoq,2026Q1,current,uploaded_images,合同负债,合同负债,Contract Liabilities,BS_CL_CONT_LIAB,Liabilities,Current Liabilities,Contract Liabilities,Current Liabilities,detail,N,1,1361199999.9999998,31.03.2026,Contract Liabilities,8.2
Aumovio,BS,qoq,2025FY,comparison,uploaded_images,合同负债,合同负债,Contract Liabilities,BS_CL_CONT_LIAB,Liabilities,Current Liabilities,Contract Liabilities,Current Liabilities,detail,N,1,1271000000,31.12.2025,Contract Liabilities,8.2
Aumovio,BS,qoq,2026Q1,current,uploaded_images,应交税费,应交税费,Taxes Payable,BS_CL_TAXE_PAYA,Liabilities,Current Liabilities,Taxes Payable,Current Liabilities,detail,N,1,1426800000,31.03.2026,Taxes Payable,8.2
Aumovio,BS,qoq,2025FY,comparison,uploaded_images,应交税费,应交税费,Taxes Payable,BS_CL_TAXE_PAYA,Liabilities,Current Liabilities,Taxes Payable,Current Liabilities,detail,N,1,1131600000,31.12.2025,Taxes Payable,8.2
Aumovio,BS,qoq,2026Q1,current,uploaded_images,Short-term provisions for other risks and obligations,Short-term provisions for other risks and obligations,Short-term provisions for other risks and obligations,BS_CUSTOM_SHORT_TERM_PROVISIONS_FOR_OTHER_RISKS_AND_OBLIGATIONS,Liabilities,Liabilities,Short-term provisions for other risks and obligations,Liabilities,detail,N,1,5936799999.999999,31.03.2026,Short-term provisions for other risks and obligations,8.2
Aumovio,BS,qoq,2025FY,comparison,uploaded_images,Short-term provisions for other risks and obligations,Short-term provisions for other risks and obligations,Short-term provisions for other risks and obligations,BS_CUSTOM_SHORT_TERM_PROVISIONS_FOR_OTHER_RISKS_AND_OBLIGATIONS,Liabilities,Liabilities,Short-term provisions for other risks and obligations,Liabilities,detail,N,1,6026999999.999999,31.12.2025,Short-term provisions for other risks and obligations,8.2
Aumovio,BS,qoq,2026Q1,current,uploaded_images,短期借款,短期借款,Short-term Borrowings,BS_CL_SHOR_TERM_BORR,Liabilities,Current Liabilities,Short-term Borrowings,Current Liabilities,detail,N,1,746199999.9999999,31.03.2026,Short-term Borrowings,8.2
Aumovio,BS,qoq,2025FY,comparison,uploaded_images,短期借款,短期借款,Short-term Borrowings,BS_CL_SHOR_TERM_BORR,Liabilities,Current Liabilities,Short-term Borrowings,Current Liabilities,detail,N,1,819999999.9999999,31.12.2025,Short-term Borrowings,8.2
Aumovio,BS,qoq,2026Q1,current,uploaded_images,Short-term other financial liabilities,Short-term other financial liabilities,Short-term other financial liabilities,BS_CUSTOM_SHORT_TERM_OTHER_FINANCIAL_LIABILITIES,Liabilities,Liabilities,Short-term other financial liabilities,Liabilities,detail,N,1,2935600000,31.03.2026,Short-term other financial liabilities,8.2
Aumovio,BS,qoq,2025FY,comparison,uploaded_images,Short-term other financial liabilities,Short-term other financial liabilities,Short-term other financial liabilities,BS_CUSTOM_SHORT_TERM_OTHER_FINANCIAL_LIABILITIES,Liabilities,Liabilities,Short-term other financial liabilities,Liabilities,detail,N,1,3337399999.9999995,31.12.2025,Short-term other financial liabilities,8.2
Aumovio,BS,qoq,2026Q1,current,uploaded_images,其他流动负债,其他流动负债,Other Current Liabilities,BS_CL_OTHE_CURR_LIAB,Liabilities,Current Liabilities,Other Current Liabilities,Current Liabilities,detail,N,1,3156999999.9999995,31.03.2026,Other Current Liabilities,8.2
Aumovio,BS,qoq,2025FY,comparison,uploaded_images,其他流动负债,其他流动负债,Other Current Liabilities,BS_CL_OTHE_CURR_LIAB,Liabilities,Current Liabilities,Other Current Liabilities,Current Liabilities,detail,N,1,3197999999.9999995,31.12.2025,Other Current Liabilities,8.2
Aumovio,BS,qoq,2026Q1,current,uploaded_images,流動負債總額,流动负债总额,Total Current Liabilities,BS_CL_TOTAL_CURR_LIAB,Liabilities,Current Assets,Section Header,Current Assets,detail,N,1,50479200000,31.03.2026,Total Current Liabilities,8.2
Aumovio,BS,qoq,2025FY,comparison,uploaded_images,流動負債總額,流动负债总额,Total Current Liabilities,BS_CL_TOTAL_CURR_LIAB,Liabilities,Current Assets,Section Header,Current Assets,detail,N,1,48806399999.99999,31.12.2025,Total Current Liabilities,8.2
Aumovio,BS,qoq,2026Q1,current,uploaded_images,负债和预计负债,负债和预计负债,Total Liabilities and Equity,BS_TOTAL_LIAB,Balance Sheet,Balance Sheet,Grand Total,Balance Sheet,total,Y,1,65673800000,31.03.2026,Total Liabilities and Equity,8.2
Aumovio,BS,qoq,2025FY,comparison,uploaded_images,负债和预计负债,负债和预计负债,Total Liabilities and Equity,BS_TOTAL_LIAB,Balance Sheet,Balance Sheet,Grand Total,Balance Sheet,total,Y,1,64870200000,31.12.2025,Total Liabilities and Equity,8.2
Aumovio,IS,yoy,2026Q1,current,uploaded_images,五、净利润(净亏损以“-”号填列),净利润(净亏损以“-”号填列),Net Profit,IS_NP_PROF_CONT_OPER,Income Statement,Net Profit,Section Header,Net Profit,header,N,1,-1328400000,2026,Net Profit,8.2
Aumovio,IS,yoy,2025Q1,comparison,uploaded_images,五、净利润(净亏损以“-”号填列),净利润(净亏损以“-”号填列),Net Profit,IS_NP_PROF_CONT_OPER,Income Statement,Net Profit,Section Header,Net Profit,header,N,1,-1705600000,2025,Net Profit,8.2
Aumovio,IS,yoy,2026Q1,current,uploaded_images,减:所得税费用,所得税费用,Income Tax Expense,IS_TP_INCO_TAX_EXPE,Income Statement,Total Profit,Income Tax Expense,Total Profit,detail,N,1,155799999.99999997,2026,Income Tax Expense,8.2
Aumovio,IS,yoy,2025Q1,comparison,uploaded_images,减:所得税费用,所得税费用,Income Tax Expense,IS_TP_INCO_TAX_EXPE,Income Statement,Total Profit,Income Tax Expense,Total Profit,detail,N,1,606800000,2025,Income Tax Expense,8.2
Aumovio,CF,yoy,2026Q1,current,uploaded_images,Financial result,Financial result,Financial result,CF_CUSTOM_FINANCIAL_RESULT,Cash Flow,Cash Flow,Financial result,Cash Flow,detail,N,1,516599999.9999999,2026,Financial result,8.2
Aumovio,CF,yoy,2025Q1,comparison,uploaded_images,Financial result,Financial result,Financial result,CF_CUSTOM_FINANCIAL_RESULT,Cash Flow,Cash Flow,Financial result,Cash Flow,detail,N,1,-106600000,2025,Financial result,8.2
Aumovio,IS,yoy,2026Q1,current,uploaded_images,三、营业利润(亏损以“-”号填列),营业利润(亏损以“-”号填列),Operating Profit,IS_OP,Income Statement,Operating Profit,Section Header,Operating Profit,header,N,1,-647800000,2026,Operating Profit,8.2
Aumovio,IS,yoy,2025Q1,comparison,uploaded_images,三、营业利润(亏损以“-”号填列),营业利润(亏损以“-”号填列),Operating Profit,IS_OP,Income Statement,Operating Profit,Section Header,Operating Profit,header,N,1,-1205400000,2025,Operating Profit,8.2
Aumovio,CF,yoy,2026Q1,current,uploaded_images,分配股利、利润或偿付利息支付 的现金,分配股利、利润或偿付利息支付的现金,"Cash Paid for Dividends, Profit Distribution or Interest",CF_FIA_OUT_CASH_PAID_DIVI_PROF,Cash Flow,Financing Activities - Cash Outflows,"Cash Paid for Dividends, Profit Distribution or Interest",Financing Activities - Cash Outflows,detail,N,1,-123000000,2026,"Cash Paid for Dividends, Profit Distribution or Interest",8.2
Aumovio,CF,yoy,2025Q1,comparison,uploaded_images,分配股利、利润或偿付利息支付 的现金,分配股利、利润或偿付利息支付的现金,"Cash Paid for Dividends, Profit Distribution or Interest",CF_FIA_OUT_CASH_PAID_DIVI_PROF,Cash Flow,Financing Activities - Cash Outflows,"Cash Paid for Dividends, Profit Distribution or Interest",Financing Activities - Cash Outflows,detail,N,1,-369000000,2025,"Cash Paid for Dividends, Profit Distribution or Interest",8.2
Aumovio,CF,yoy,2026Q1,current,uploaded_images,取得投资收益收到的现金,取得投资收益收到的现金,Cash Received from Investment Income,CF_INA_IN_CASH_RECE_INVE_INCO,Cash Flow,Investing Activities - Cash Inflows,Cash Received from Investment Income,Investing Activities - Cash Inflows,detail,N,1,82000000,2026,Cash Received from Investment Income,8.2
Aumovio,CF,yoy,2025Q1,comparison,uploaded_images,取得投资收益收到的现金,取得投资收益收到的现金,Cash Received from Investment Income,CF_INA_IN_CASH_RECE_INVE_INCO,Cash Flow,Investing Activities - Cash Inflows,Cash Received from Investment Income,Investing Activities - Cash Inflows,detail,N,1,155799999.99999997,2025,Cash Received from Investment Income,8.2
Aumovio,CF,yoy,2026Q1,current,uploaded_images,支付的各项税费,支付的各项税费,Taxes Paid,CF_OPA_OUT_TAXE_PAID,Cash Flow,Operating Activities - Cash Outflows,Taxes Paid,Operating Activities - Cash Outflows,detail,N,1,-582200000,2026,Taxes Paid,8.2
Aumovio,CF,yoy,2025Q1,comparison,uploaded_images,支付的各项税费,支付的各项税费,Taxes Paid,CF_OPA_OUT_TAXE_PAID,Cash Flow,Operating Activities - Cash Outflows,Taxes Paid,Operating Activities - Cash Outflows,detail,N,1,-606800000,2025,Taxes Paid,8.2
Aumovio,CF,yoy,2026Q1,current,uploaded_images,取得投资收益收到的现金,取得投资收益收到的现金,Cash Received from Investment Income,CF_INA_IN_CASH_RECE_INVE_INCO,Cash Flow,Investing Activities - Cash Inflows,Cash Received from Investment Income,Investing Activities - Cash Inflows,detail,N,1,0,2026,Cash Received from Investment Income,8.2
Aumovio,CF,yoy,2025Q1,comparison,uploaded_images,取得投资收益收到的现金,取得投资收益收到的现金,Cash Received from Investment Income,CF_INA_IN_CASH_RECE_INVE_INCO,Cash Flow,Investing Activities - Cash Inflows,Cash Received from Investment Income,Investing Activities - Cash Inflows,detail,N,1,0,2025,Cash Received from Investment Income,8.2
Aumovio,CF,yoy,2026Q1,current,uploaded_images,"Depreciation, amortization, impairment and reversal of impairment losses","Depreciation, amortization, impairment and reversal of impairment losses","Depreciation, amortization, impairment and reversal of impairment losses",CF_CUSTOM_DEPRECIATION_AMORTIZATION_IMPAIRMENT_AND_REVERSAL_OF_IM,Cash Flow,Cash Flow,"Depreciation, amortization, impairment and reversal of impairment losses",Cash Flow,detail,N,1,1951600000,2026,"Depreciation, amortization, impairment and reversal of impairment losses",8.2
Aumovio,CF,yoy,2025Q1,comparison,uploaded_images,"Depreciation, amortization, impairment and reversal of impairment losses","Depreciation, amortization, impairment and reversal of impairment losses","Depreciation, amortization, impairment and reversal of impairment losses",CF_CUSTOM_DEPRECIATION_AMORTIZATION_IMPAIRMENT_AND_REVERSAL_OF_IM,Cash Flow,Cash Flow,"Depreciation, amortization, impairment and reversal of impairment losses",Cash Flow,detail,N,1,2246799999.9999995,2025,"Depreciation, amortization, impairment and reversal of impairment losses",8.2
Aumovio,IS,yoy,2026Q1,current,uploaded_images,其中:对联营企业和合营企业的 投资收益,对联营企业和合营企业的投资收益,Investment Income from Associates and Joint Ventures,IS_COST_INVE_INCO_INVE_INCO_ASSO_JOIN,Income Statement,Costs and Expenses,Investment Income from Associates and Joint Ventures,Costs and Expenses,detail,N,1,16399999.999999998,2026,Investment Income from Associates and Joint Ventures,8.2
Aumovio,IS,yoy,2025Q1,comparison,uploaded_images,其中:对联营企业和合营企业的 投资收益,对联营企业和合营企业的投资收益,Investment Income from Associates and Joint Ventures,IS_COST_INVE_INCO_INVE_INCO_ASSO_JOIN,Income Statement,Costs and Expenses,Investment Income from Associates and Joint Ventures,Costs and Expenses,detail,N,1,-8200000,2025,Investment Income from Associates and Joint Ventures,8.2
Aumovio,CF,yoy,2026Q1,current,uploaded_images,"Gains/losses from the disposal of assets, companies and business operations","Gains/losses from the disposal of assets, companies and business operations","Gains/losses from the disposal of assets, companies and business operations",CF_CUSTOM_GAINS_LOSSES_FROM_THE_DISPOSAL_OF_ASSETS_COMPANIES_AND_,Cash Flow,Cash Flow,"Gains/losses from the disposal of assets, companies and business operations",Cash Flow,detail,N,1,0,2026,"Gains/losses from the disposal of assets, companies and business operations",8.2
Aumovio,CF,yoy,2025Q1,comparison,uploaded_images,"Gains/losses from the disposal of assets, companies and business operations","Gains/losses from the disposal of assets, companies and business operations","Gains/losses from the disposal of assets, companies and business operations",CF_CUSTOM_GAINS_LOSSES_FROM_THE_DISPOSAL_OF_ASSETS_COMPANIES_AND_,Cash Flow,Cash Flow,"Gains/losses from the disposal of assets, companies and business operations",Cash Flow,detail,N,1,-32800000,2025,"Gains/losses from the disposal of assets, companies and business operations",8.2
Aumovio,CF,yoy,2026Q1,current,uploaded_images,Changes in,Changes in,Changes in,CF_CUSTOM_CHANGES_IN,Cash Flow,Cash Flow,Changes in,Cash Flow,header,N,1,,2026,Changes in,8.2
Aumovio,CF,yoy,2025Q1,comparison,uploaded_images,Changes in,Changes in,Changes in,CF_CUSTOM_CHANGES_IN,Cash Flow,Cash Flow,Changes in,Cash Flow,header,N,1,,2025,Changes in,8.2
Aumovio,CF,yoy,2026Q1,current,uploaded_images,inventories,inventories,inventories,CF_CUSTOM_INVENTORIES,Cash Flow,Cash Flow,inventories,Cash Flow,detail,N,1,24600000,2026,inventories,8.2
Aumovio,CF,yoy,2025Q1,comparison,uploaded_images,inventories,inventories,inventories,CF_CUSTOM_INVENTORIES,Cash Flow,Cash Flow,inventories,Cash Flow,detail,N,1,-729800000,2025,inventories,8.2
Aumovio,CF,yoy,2026Q1,current,uploaded_images,trade accounts receivable,trade accounts receivable,trade accounts receivable,CF_CUSTOM_TRADE_ACCOUNTS_RECEIVABLE,Cash Flow,Cash Flow,trade accounts receivable,Cash Flow,detail,N,1,-1074200000,2026,trade accounts receivable,8.2
Aumovio,CF,yoy,2025Q1,comparison,uploaded_images,trade accounts receivable,trade accounts receivable,trade accounts receivable,CF_CUSTOM_TRADE_ACCOUNTS_RECEIVABLE,Cash Flow,Cash Flow,trade accounts receivable,Cash Flow,detail,N,1,-770800000,2025,trade accounts receivable,8.2
Aumovio,CF,yoy,2026Q1,current,uploaded_images,trade accounts payable,trade accounts payable,trade accounts payable,CF_CUSTOM_TRADE_ACCOUNTS_PAYABLE,Cash Flow,Cash Flow,trade accounts payable,Cash Flow,detail,N,1,467400000,2026,trade accounts payable,8.2
Aumovio,CF,yoy,2025Q1,comparison,uploaded_images,trade accounts payable,trade accounts payable,trade accounts payable,CF_CUSTOM_TRADE_ACCOUNTS_PAYABLE,Cash Flow,Cash Flow,trade accounts payable,Cash Flow,detail,N,1,1205399999.9999998,2025,trade accounts payable,8.2
Aumovio,CF,yoy,2026Q1,current,uploaded_images,employee benefits and other provisions,employee benefits and other provisions,employee benefits and other provisions,CF_CUSTOM_EMPLOYEE_BENEFITS_AND_OTHER_PROVISIONS,Cash Flow,Cash Flow,employee benefits and other provisions,Cash Flow,detail,N,1,1008600000,2026,employee benefits and other provisions,8.2
Aumovio,CF,yoy,2025Q1,comparison,uploaded_images,employee benefits and other provisions,employee benefits and other provisions,employee benefits and other provisions,CF_CUSTOM_EMPLOYEE_BENEFITS_AND_OTHER_PROVISIONS,Cash Flow,Cash Flow,employee benefits and other provisions,Cash Flow,detail,N,1,1426800000,2025,employee benefits and other provisions,8.2
Aumovio,CF,yoy,2026Q1,current,uploaded_images,other assets and liabilities as well as other non-cash effects,other assets and liabilities as well as other non-cash effects,other assets and liabilities as well as other non-cash effects,CF_CUSTOM_OTHER_ASSETS_AND_LIABILITIES_AS_WELL_AS_OTHER_NON_CASH_,Cash Flow,Cash Flow,other assets and liabilities as well as other non-cash effects,Cash Flow,detail,N,1,-442800000,2026,other assets and liabilities as well as other non-cash effects,8.2
Aumovio,CF,yoy,2025Q1,comparison,uploaded_images,other assets and liabilities as well as other non-cash effects,other assets and liabilities as well as other non-cash effects,other assets and liabilities as well as other non-cash effects,CF_CUSTOM_OTHER_ASSETS_AND_LIABILITIES_AS_WELL_AS_OTHER_NON_CASH_,Cash Flow,Cash Flow,other assets and liabilities as well as other non-cash effects,Cash Flow,detail,N,1,-483800000,2025,other assets and liabilities as well as other non-cash effects,8.2
Aumovio,CF,yoy,2026Q1,current,uploaded_images,经营活动产生的现金流量净 额,经营活动产生的现金流量净额,Net Cash from Operating Activities,CF_OP_NET,Cash Flow,Operating Activities,Net Cash from Operating Activities,Operating Activities,total,Y,1,664199999.9999999,2026,Net Cash from Operating Activities,8.2
Aumovio,CF,yoy,2025Q1,comparison,uploaded_images,经营活动产生的现金流量净 额,经营活动产生的现金流量净额,Net Cash from Operating Activities,CF_OP_NET,Cash Flow,Operating Activities,Net Cash from Operating Activities,Operating Activities,total,Y,1,828199999.9999999,2025,Net Cash from Operating Activities,8.2
Aumovio,CF,yoy,2026Q1,current,uploaded_images,处置固定资产、无形资产和其他 长期资产收回的现金净额,处置固定资产、无形资产和其他长期资产收回的现金净额,Net Cash Received from Disposal of Long-term Assets,CF_INA_IN_TOTAL_CASH_RECE_DISP_LONG,Cash Flow,Investing Activities - Cash Inflows,Net Cash Received from Disposal of Long-term Assets,Investing Activities - Cash Inflows,total,Y,1,24600000,2026,Net Cash Received from Disposal of Long-term Assets,8.2
Aumovio,CF,yoy,2025Q1,comparison,uploaded_images,处置固定资产、无形资产和其他 长期资产收回的现金净额,处置固定资产、无形资产和其他长期资产收回的现金净额,Net Cash Received from Disposal of Long-term Assets,CF_INA_IN_TOTAL_CASH_RECE_DISP_LONG,Cash Flow,Investing Activities - Cash Inflows,Net Cash Received from Disposal of Long-term Assets,Investing Activities - Cash Inflows,total,Y,1,65599999.99999999,2025,Net Cash Received from Disposal of Long-term Assets,8.2
Aumovio,CF,yoy,2026Q1,current,uploaded_images,购建固定资产、无形资产和其他 长期资产支付的现金,购建固定资产、无形资产和其他长期资产支付的现金,Cash Paid for Acquisition and Construction of Long-term Assets,CF_INA_OUT_CASH_PAID_ACQU_CONS,Cash Flow,Investing Activities - Cash Outflows,Cash Paid for Acquisition and Construction of Long-term Assets,Investing Activities - Cash Outflows,detail,N,1,-713400000,2026,Cash Paid for Acquisition and Construction of Long-term Assets,8.2
Aumovio,CF,yoy,2025Q1,comparison,uploaded_images,购建固定资产、无形资产和其他 长期资产支付的现金,购建固定资产、无形资产和其他长期资产支付的现金,Cash Paid for Acquisition and Construction of Long-term Assets,CF_INA_OUT_CASH_PAID_ACQU_CONS,Cash Flow,Investing Activities - Cash Outflows,Cash Paid for Acquisition and Construction of Long-term Assets,Investing Activities - Cash Outflows,detail,N,1,-1148000000,2025,Cash Paid for Acquisition and Construction of Long-term Assets,8.2
Aumovio,CF,yoy,2026Q1,current,uploaded_images,购建固定资产、无形资产和其他 长期资产支付的现金,购建固定资产、无形资产和其他长期资产支付的现金,Cash Paid for Acquisition and Construction of Long-term Assets,CF_INA_OUT_CASH_PAID_ACQU_CONS,Cash Flow,Investing Activities - Cash Outflows,Cash Paid for Acquisition and Construction of Long-term Assets,Investing Activities - Cash Outflows,detail,N,1,0,2026,Cash Paid for Acquisition and Construction of Long-term Assets,8.2
Aumovio,CF,yoy,2025Q1,comparison,uploaded_images,购建固定资产、无形资产和其他 长期资产支付的现金,购建固定资产、无形资产和其他长期资产支付的现金,Cash Paid for Acquisition and Construction of Long-term Assets,CF_INA_OUT_CASH_PAID_ACQU_CONS,Cash Flow,Investing Activities - Cash Outflows,Cash Paid for Acquisition and Construction of Long-term Assets,Investing Activities - Cash Outflows,detail,N,1,-16400000,2025,Cash Paid for Acquisition and Construction of Long-term Assets,8.2
Aumovio,CF,yoy,2026Q1,current,uploaded_images,取得子公司及其他营业单位支付 的现金净额,取得子公司及其他营业单位支付的现金净额,Net Cash Paid for Acquisition of Subsidiaries and Other Business Units,CF_INA_OUT_TOTAL_CASH_PAID_ACQU_SUBS,Cash Flow,Investing Activities - Cash Outflows,Net Cash Paid for Acquisition of Subsidiaries and Other Business Units,Investing Activities - Cash Outflows,total,Y,1,-229600000,2026,Net Cash Paid for Acquisition of Subsidiaries and Other Business Units,8.2
Aumovio,CF,yoy,2025Q1,comparison,uploaded_images,取得子公司及其他营业单位支付 的现金净额,取得子公司及其他营业单位支付的现金净额,Net Cash Paid for Acquisition of Subsidiaries and Other Business Units,CF_INA_OUT_TOTAL_CASH_PAID_ACQU_SUBS,Cash Flow,Investing Activities - Cash Outflows,Net Cash Paid for Acquisition of Subsidiaries and Other Business Units,Investing Activities - Cash Outflows,total,Y,1,,2025,Net Cash Paid for Acquisition of Subsidiaries and Other Business Units,8.2
Aumovio,CF,yoy,2026Q1,current,uploaded_images,处置子公司及其他营业单位收到 的现金净额,处置子公司及其他营业单位收到的现金净额,Net Cash Received from Disposal of Subsidiaries and Other Business Units,CF_INA_IN_TOTAL_CASH_RECE_DISP_SUBS,Cash Flow,Investing Activities - Cash Inflows,Net Cash Received from Disposal of Subsidiaries and Other Business Units,Investing Activities - Cash Inflows,total,Y,1,254200000,2026,Net Cash Received from Disposal of Subsidiaries and Other Business Units,8.2
Aumovio,CF,yoy,2025Q1,comparison,uploaded_images,处置子公司及其他营业单位收到 的现金净额,处置子公司及其他营业单位收到的现金净额,Net Cash Received from Disposal of Subsidiaries and Other Business Units,CF_INA_IN_TOTAL_CASH_RECE_DISP_SUBS,Cash Flow,Investing Activities - Cash Inflows,Net Cash Received from Disposal of Subsidiaries and Other Business Units,Investing Activities - Cash Inflows,total,Y,1,,2025,Net Cash Received from Disposal of Subsidiaries and Other Business Units,8.2
Aumovio,CF,yoy,2026Q1,current,uploaded_images,Cash inflow from interest-bearing investments,Cash inflow from interest-bearing investments,Cash inflow from interest-bearing investments,CF_CUSTOM_CASH_INFLOW_FROM_INTEREST_BEARING_INVESTMENTS,Cash Flow,Cash Flow,Cash inflow from interest-bearing investments,Cash Flow,detail,N,1,32800000,2026,Cash inflow from interest-bearing investments,8.2
Aumovio,CF,yoy,2025Q1,comparison,uploaded_images,Cash inflow from interest-bearing investments,Cash inflow from interest-bearing investments,Cash inflow from interest-bearing investments,CF_CUSTOM_CASH_INFLOW_FROM_INTEREST_BEARING_INVESTMENTS,Cash Flow,Cash Flow,Cash inflow from interest-bearing investments,Cash Flow,detail,N,1,2771600000,2025,Cash inflow from interest-bearing investments,8.2
Aumovio,CF,yoy,2026Q1,current,uploaded_images,投资活动产生的现金流量净 额,投资活动产生的现金流量净额,Net Cash from Investing Activities,CF_INV_NET,Cash Flow,Investing Activities,Net Cash from Investing Activities,Investing Activities,total,Y,1,-623200000,2026,Net Cash from Investing Activities,8.2
Aumovio,CF,yoy,2025Q1,comparison,uploaded_images,投资活动产生的现金流量净 额,投资活动产生的现金流量净额,Net Cash from Investing Activities,CF_INV_NET,Cash Flow,Investing Activities,Net Cash from Investing Activities,Investing Activities,total,Y,1,1672800000,2025,Net Cash from Investing Activities,8.2
Aumovio,CF,yoy,2026Q1,current,uploaded_images,Cash flow before financing activities (free cash flow),Cash flow before financing activities (free cash flow),Cash flow before financing activities (free cash flow),CF_CUSTOM_CASH_FLOW_BEFORE_FINANCING_ACTIVITIES_FREE_CASH_FLOW,Cash Flow,Cash Flow,Cash flow before financing activities (free cash flow),Cash Flow,total,Y,1,41000000,2026,Cash flow before financing activities (free cash flow),8.2
Aumovio,CF,yoy,2025Q1,comparison,uploaded_images,Cash flow before financing activities (free cash flow),Cash flow before financing activities (free cash flow),Cash flow before financing activities (free cash flow),CF_CUSTOM_CASH_FLOW_BEFORE_FINANCING_ACTIVITIES_FREE_CASH_FLOW,Cash Flow,Cash Flow,Cash flow before financing activities (free cash flow),Cash Flow,total,Y,1,2509200000,2025,Cash flow before financing activities (free cash flow),8.2
Aumovio,CF,yoy,2026Q1,current,uploaded_images,吸收投资收到的现金,吸收投资收到的现金,Cash Received from Capital Contributions,CF_FIA_IN_CASH_RECE_CAPI_CONT,Cash Flow,Financing Activities - Cash Inflows,Cash Received from Capital Contributions,Financing Activities - Cash Inflows,detail,N,1,180400000,2026,Cash Received from Capital Contributions,8.2
Aumovio,CF,yoy,2025Q1,comparison,uploaded_images,吸收投资收到的现金,吸收投资收到的现金,Cash Received from Capital Contributions,CF_FIA_IN_CASH_RECE_CAPI_CONT,Cash Flow,Financing Activities - Cash Inflows,Cash Received from Capital Contributions,Financing Activities - Cash Inflows,detail,N,1,,2025,Cash Received from Capital Contributions,8.2
Aumovio,CF,yoy,2026Q1,current,uploaded_images,Change in other indebtedness,Change in other indebtedness,Change in other indebtedness,CF_CUSTOM_CHANGE_IN_OTHER_INDEBTEDNESS,Cash Flow,Cash Flow,Change in other indebtedness,Cash Flow,detail,N,1,24600000,2026,Change in other indebtedness,8.2
Aumovio,CF,yoy,2025Q1,comparison,uploaded_images,Change in other indebtedness,Change in other indebtedness,Change in other indebtedness,CF_CUSTOM_CHANGE_IN_OTHER_INDEBTEDNESS,Cash Flow,Cash Flow,Change in other indebtedness,Cash Flow,detail,N,1,-1623600000,2025,Change in other indebtedness,8.2
Aumovio,CF,yoy,2026Q1,current,uploaded_images,偿还债务支付的现金,偿还债务支付的现金,Cash Paid for Debt Repayment,CF_FIA_OUT_CASH_PAID_DEBT_REPA,Cash Flow,Financing Activities - Cash Outflows,Cash Paid for Debt Repayment,Financing Activities - Cash Outflows,detail,N,1,-188600000,2026,Cash Paid for Debt Repayment,8.2
Aumovio,CF,yoy,2025Q1,comparison,uploaded_images,偿还债务支付的现金,偿还债务支付的现金,Cash Paid for Debt Repayment,CF_FIA_OUT_CASH_PAID_DEBT_REPA,Cash Flow,Financing Activities - Cash Outflows,Cash Paid for Debt Repayment,Financing Activities - Cash Outflows,detail,N,1,-205000000,2025,Cash Paid for Debt Repayment,8.2
Aumovio,CF,yoy,2026Q1,current,uploaded_images,Cash flow from profit and loss transfer agreements,Cash flow from profit and loss transfer agreements,Cash flow from profit and loss transfer agreements,CF_CUSTOM_CASH_FLOW_FROM_PROFIT_AND_LOSS_TRANSFER_AGREEMENTS,Cash Flow,Cash Flow,Cash flow from profit and loss transfer agreements,Cash Flow,total,Y,1,,2026,Cash flow from profit and loss transfer agreements,8.2
Aumovio,CF,yoy,2025Q1,comparison,uploaded_images,Cash flow from profit and loss transfer agreements,Cash flow from profit and loss transfer agreements,Cash flow from profit and loss transfer agreements,CF_CUSTOM_CASH_FLOW_FROM_PROFIT_AND_LOSS_TRANSFER_AGREEMENTS,Cash Flow,Cash Flow,Cash flow from profit and loss transfer agreements,Cash Flow,total,Y,1,-2238600000,2025,Cash flow from profit and loss transfer agreements,8.2
Aumovio,CF,yoy,2026Q1,current,uploaded_images,Dividends paid to and cash changes from equity transactions with non-controlling interests,Dividends paid to and cash changes from equity transactions with non-controlling interests,Dividends paid to and cash changes from equity transactions with non-controlling interests,CF_CUSTOM_DIVIDENDS_PAID_TO_AND_CASH_CHANGES_FROM_EQUITY_TRANSACT,Cash Flow,Cash Flow,Dividends paid to and cash changes from equity transactions with non-controlling interests,Cash Flow,detail,N,1,,2026,Dividends paid to and cash changes from equity transactions with non-controlling interests,8.2
Aumovio,CF,yoy,2025Q1,comparison,uploaded_images,Dividends paid to and cash changes from equity transactions with non-controlling interests,Dividends paid to and cash changes from equity transactions with non-controlling interests,Dividends paid to and cash changes from equity transactions with non-controlling interests,CF_CUSTOM_DIVIDENDS_PAID_TO_AND_CASH_CHANGES_FROM_EQUITY_TRANSACT,Cash Flow,Cash Flow,Dividends paid to and cash changes from equity transactions with non-controlling interests,Cash Flow,detail,N,1,-32800000,2025,Dividends paid to and cash changes from equity transactions with non-controlling interests,8.2
Aumovio,CF,yoy,2026Q1,current,uploaded_images,筹资活动产生的现金流量净 额,筹资活动产生的现金流量净额,Net Cash from Financing Activities,CF_FIN_NET,Cash Flow,Financing Activities,Net Cash from Financing Activities,Financing Activities,total,Y,1,16399999.999999998,2026,Net Cash from Financing Activities,8.2
Aumovio,CF,yoy,2025Q1,comparison,uploaded_images,筹资活动产生的现金流量净 额,筹资活动产生的现金流量净额,Net Cash from Financing Activities,CF_FIN_NET,Cash Flow,Financing Activities,Net Cash from Financing Activities,Financing Activities,total,Y,1,-4108200000,2025,Net Cash from Financing Activities,8.2
Aumovio,CF,yoy,2026Q1,current,uploaded_images,五、现金及现金等价物净增加额,现金及现金等价物净增加额,Net Increase in Cash and Cash Equivalents,CF_NET_CASH_CHANGE,Cash Flow,Net Cash Change,Section Header,Net Cash Change,header,N,1,49199999.99999999,2026,Net Increase in Cash and Cash Equivalents,8.2
Aumovio,CF,yoy,2025Q1,comparison,uploaded_images,五、现金及现金等价物净增加额,现金及现金等价物净增加额,Net Increase in Cash and Cash Equivalents,CF_NET_CASH_CHANGE,Cash Flow,Net Cash Change,Section Header,Net Cash Change,header,N,1,-1599000000,2025,Net Increase in Cash and Cash Equivalents,8.2
Aumovio,CF,yoy,2026Q1,current,uploaded_images,加:期初现金及现金等价物余额,期初现金及现金等价物余额,Opening Cash and Cash Equivalents,CF_OPENING_CASH_BAL,Cash Flow,Cash Balance,Opening Cash and Cash Equivalents,Cash Balance,detail,N,1,14095800000,2026,Opening Cash and Cash Equivalents,8.2
Aumovio,CF,yoy,2025Q1,comparison,uploaded_images,加:期初现金及现金等价物余额,期初现金及现金等价物余额,Opening Cash and Cash Equivalents,CF_OPENING_CASH_BAL,Cash Flow,Cash Balance,Opening Cash and Cash Equivalents,Cash Balance,detail,N,1,11430800000,2025,Opening Cash and Cash Equivalents,8.2
Aumovio,CF,yoy,2026Q1,current,uploaded_images,外匯匯率變動影響淨額,外汇汇率变动影响净额,Net Effect of Foreign Exchange Rate Changes,CF_FX_IMPACT_NET,Cash Flow,Operating Activities,Net Effect of Foreign Exchange Rate Changes,Operating Activities,header,N,1,90200000,2026,Net Effect of Foreign Exchange Rate Changes,8.2
Aumovio,CF,yoy,2025Q1,comparison,uploaded_images,外匯匯率變動影響淨額,外汇汇率变动影响净额,Net Effect of Foreign Exchange Rate Changes,CF_FX_IMPACT_NET,Cash Flow,Operating Activities,Net Effect of Foreign Exchange Rate Changes,Operating Activities,header,N,1,-172200000,2025,Net Effect of Foreign Exchange Rate Changes,8.2
Aumovio,CF,yoy,2026Q1,current,uploaded_images,Disposal of cash and cash equivalents through changes in the scope of consolidation,Disposal of cash and cash equivalents through changes in the scope of consolidation,Disposal of cash and cash equivalents through changes in the scope of consolidation,CF_CUSTOM_DISPOSAL_OF_CASH_AND_CASH_EQUIVALENTS_THROUGH_CHANGES_I,Cash Flow,Cash Flow,Disposal of cash and cash equivalents through changes in the scope of consolidation,Cash Flow,detail,N,1,,2026,Disposal of cash and cash equivalents through changes in the scope of consolidation,8.2
Aumovio,CF,yoy,2025Q1,comparison,uploaded_images,Disposal of cash and cash equivalents through changes in the scope of consolidation,Disposal of cash and cash equivalents through changes in the scope of consolidation,Disposal of cash and cash equivalents through changes in the scope of consolidation,CF_CUSTOM_DISPOSAL_OF_CASH_AND_CASH_EQUIVALENTS_THROUGH_CHANGES_I,Cash Flow,Cash Flow,Disposal of cash and cash equivalents through changes in the scope of consolidation,Cash Flow,detail,N,1,0,2025,Disposal of cash and cash equivalents through changes in the scope of consolidation,8.2
Aumovio,CF,yoy,2026Q1,current,uploaded_images,六、期末现金及现金等价物余额,期末现金及现金等价物余额,Ending Cash and Cash Equivalents,CF_ENDING_CASH_BAL,Cash Flow,Cash Balance,Section Header,Cash Balance,header,N,1,14235199999.999998,2026,Ending Cash and Cash Equivalents,8.2
Aumovio,CF,yoy,2025Q1,comparison,uploaded_images,六、期末现金及现金等价物余额,期末现金及现金等价物余额,Ending Cash and Cash Equivalents,CF_ENDING_CASH_BAL,Cash Flow,Cash Balance,Section Header,Cash Balance,header,N,1,9659599999.999998,2025,Ending Cash and Cash Equivalents,8.2
